Category,Title,Link
DC Comic Art Cards,Amalgam,amalgam.htm
DC Comic Art Cards,The Art of Vintage DC Comics PC,dcartvin.htm
DC Comic Art Cards,Batman Archives,batarch.htm
DC Comic Art Cards,Batman Deluxe Reissue Edition,batmreis.htm
DC Comic Art Cards,Batman: Knightfall SkyCaps,batkfall.htm
DC Comic Art Cards,DC Comics Batman: The Legend,batdcleg.htm
DC Comic Art Cards,Batman Holo Series,batholo.htm
DC Comic Art Cards,Batman Master Series,batmastr.htm
DC Comic Art Cards,OnStar/Batman Collector Cards,batonsta.htm
DC Comic Art Cards,"Batman, Saga of the Dark Knight",batsaga.htm
DC Comic Art Cards,Batman v Superman Magnetic Metal,batvssup.htm#thr
DC Comic Art Cards,Batman v Superman 3-Card Promos,batsup15.htm#thr
DC Comic Art Cards,Batman v Superman Quotes Promos,batsup15.htm#quo
DC Comic Art Cards,DC Capstone Bookmark Promo Set,dccapboo.htm
DC Comic Art Cards,Comic Book Foldees,combkfol.htm
DC Comic Art Cards,Comic Book Foldees (Jumbo),combkfol.htm
DC Comic Art Cards,DC Bloodlines,dcblood.htm
DC Comic Art Cards,DC Comics Backing Board Cards 1,dccombk1.htm
DC Comic Art Cards,DC Comics Backing Board Cards 2,dccombk2.htm
DC Comic Art Cards,DC Comics Bombshells,dcbombsh.htm
DC Comic Art Cards,DC Comics Bombshells II,dcbombs2.htm
DC Comic Art Cards,DC Comics Bombshells III,dcbombs3.htm
DC Comic Art Cards,DC Comics Creature Cards SDCC 2015,dccreasd.htm
DC Comic Art Cards,DC Comics Epic Battles,dcepic14.htm
DC Comic Art Cards,DC Comics Hotel Room Keys SDCC,dchosd15.htm#dcc
DC Comic Art Cards,DC Comics Super-Villains,dcsuperv.htm
DC Comic Art Cards,DC Comics: The New 52,dcnew52.htm
DC Comic Art Cards,DC Comics: The Women of Legend,dcwomleg.htm
DC Comic Art Cards,DC Cosmic Cards,dccosmic.htm
DC Comic Art Cards,DC Cosmic Teams,dccosmtm.htm
DC Comic Art Cards,Justice League (Inkworks),justleag.htm
DC Comic Art Cards,Justice League (Post Cereal),justpost.htm
DC Comic Art Cards,DC Legacy,dcleg07.htm
DC Comic Art Cards,DC Legends '95 Power Chrome,dclegen.htm
Bench Warmer,Bench Warmer 2012 Vegas Baby,bench12v.htm
Bench Warmer,Bench Warmer 2012 Grand Prix of L Beach,bench12p.htm#toy
Bench Warmer,Bench Warmer 2012 Halloween,bench12z.htm#hal
Bench Warmer,Bench Warmer 2012 Happy Easter,bench12z.htm#eas
Bench Warmer,Bench Warmer 2012 Happy Father's Day,bench12z.htm#fat
Bench Warmer,Bench Warmer 2012 Happy Mother's Day,bench12z.htm#mot
Bench Warmer,"Bench Warmer July 4, 2012",bench12z.htm#jul
Bench Warmer,Bench Warmer 2012 Philly N.S. Show,bench12p.htm#phi
Bench Warmer,Bench Warmer 2012 St. Patrick's Day,bench12z.htm#pat
Bench Warmer,Bench Warmer 2012 San Diego Comic Con,bench12z.htm#sdc
Bench Warmer,Bench Warmer 2012 Super Bowl XLVI,bench12z.htm#sup
Bench Warmer,Bench Warmer 2012 Valentine,bench12z.htm#val
Bench Warmer,Bench Warmer Tropic Beauty,bench10t.htm
Bench Warmer,Bench Warmer 2013 Bubble Gum (Primary),bench13b.htm
Bench Warmer,Bench Warmer 2013 Bubble Gum (2ndary),bench13b.htm
Bench Warmer,Bench Warmer 2013 Gold,bench13g.htm
Bench Warmer,Bench Warmer 2013 Hobby,bench13y.htm
